{"cameraMode":{"drawMode":0,"name":"Shaded","section":"Shading Mode"},"sceneLighting":false,"audioPlay":false,"sceneViewState":{"showFog":false,"showMaterialUpdate":false,"showSkybox":false,"showFlares":false,"showImageEffects":false,"showParticleSystems":false},"in2DMode":false,"pivot":{"x":1.801767110824585,"y":-6.515644550323486,"z":8.816465377807618},"rotation":{"x":-0.22193218767642976,"y":0.01082040648907423,"z":-0.002463060198351741,"w":-0.974998950958252},"size":20.16404914855957,"orthographic":false}